Actual,Predicted,Fraud_Probability
0,0,3.341179995006557e-05
0,0,0.00013709185432341306
0,0,0.14173983222706701
0,0,2.2238986573137715e-05
0,0,0.006724753338199649
0,0,0.00019024732077848168
0,0,2.1732496076772947e-05
0,0,9.422721659851086e-05
1,1,0.9999999971388167
1,1,0.9999999996122855
0,0,2.240776971773349e-05
0,0,3.2220792735626735e-05
0,0,2.2500009162739677e-05
0,0,2.219262865866829e-05
0,0,9.646520970822461e-05
0,0,0.22167651757036422
0,0,0.00019006427705803492
0,0,6.53607298926719e-05
0,0,0.0005223975546344221
1,1,0.9999988220942041
0,1,0.5026523764338506
0,0,2.2509656686475035e-05
0,0,2.2090387598621744e-05
0,0,0.00012982079839554008
0,0,0.00018624732468519828
0,0,7.411920702987631e-05
0,0,6.61592774216287e-05
0,0,0.0021313534734685256
0,0,2.2504184188955354e-05
0,0,4.373557129863259e-05
0,0,0.36820708962406684
0,0,0.00019720245870287018
0,0,0.0027302006822713387
0,0,0.00012882678499227451
0,0,6.014415590053884e-06
0,0,0.11769749610211701
0,0,0.0001830867385823674
0,1,0.5419683813130268
0,0,0.1513670651302016
0,0,9.319485609801843e-05
0,0,0.00010211639964620191
0,0,2.2360711720882177e-05
0,0,0.0028555546015786317
0,0,2.244774804534086e-05
0,0,0.00019346473073545654
0,0,2.246953340313408e-05
0,0,0.00013258513695597895
0,0,2.2778294280076078e-05
0,0,2.2582926872649444e-05
0,0,6.539669647909679e-05
1,1,0.9679210703259123
0,0,9.401541720295822e-05
0,0,0.0001301694675649654
0,0,8.242556336691141e-05
0,0,0.3413485325456728
0,0,0.00013187867227844094
0,0,0.0001838993417353434
0,0,0.00018949175397139524
0,0,6.557616496620741e-05
1,1,0.9999999999989351
0,0,0.430639574222344
0,0,0.37129672885721415
0,0,6.058659915574017e-06
1,1,0.9999999999408657
0,1,0.5909998908912796
0,0,0.0024158929360524697
0,0,0.09970908284718503
0,0,0.0029280341340236268
1,1,1.0
0,0,0.0006061691190937356
1,1,0.9554048214764045
0,0,2.254204266697017e-05
0,0,3.2221575809883656e-05
0,0,0.00013706071332082303
0,0,3.232192496167836e-05
0,0,0.00013695649081706086
0,0,0.0001843592532042354
0,0,3.001860266247914e-06
0,0,0.00018617830074542905
0,0,0.0002616539732217924
0,0,6.095664510248206e-06
0,0,9.222732600132902e-05
0,0,0.00018267486485465452
0,0,0.0028298127700503287
1,1,0.9999999999959579
0,0,3.262126311376029e-05
0,0,0.00018158172764772343
0,0,0.00019436890781213918
0,0,0.0005704576573644289
0,0,0.02519206082067698
0,0,2.2717613678654096e-05
0,0,0.00013953404351287272
0,0,0.0001708928502701917
1,1,0.9999999999947156
0,0,0.00012665021543422416
0,0,2.2749154638290564e-05
0,0,6.367190818358665e-05
0,0,0.06164278978138362
0,0,0.0002046850391924235
0,0,0.00021292945459023516
0,0,0.11020890613082973
0,0,4.4437926535270295e-05
0,0,0.11330315637955608
0,0,0.001784683984221028
0,0,0.0019246918796947863
0,0,3.206313613168982e-05
0,0,0.00013633045476091113
0,0,0.14370625740745216
0,0,4.689390454916953e-05
0,0,6.509071763088361e-05
0,0,0.00018975856336416776
0,0,0.0001938087419360203
0,0,0.0004748882715490033
0,0,2.3491966901757488e-05
0,0,0.002111454532645194
0,0,3.268773379812318e-05
1,1,0.999999226531154
0,0,2.229272169611839e-05
0,0,0.00011389034631843832
0,0,0.0001929432413422569
0,0,0.0007577059610434573
0,0,0.00019013417645249393
0,0,0.04837532140326227
0,0,0.09679607439128604
0,0,1.1891562953911617e-06
0,0,0.00014093391717807244
1,1,0.999999998435154
1,1,0.9999999999872784
0,0,0.00019190976665755413
1,1,0.9999999999999991
0,0,5.4124910902095674e-05
0,0,0.00019052658253531756
0,0,3.1518731855850355e-05
0,0,9.174520902216904e-05
0,0,7.977363015995392e-05
0,0,0.00013569466565712722
0,0,3.2232322400992316e-05
0,0,2.251199719425762e-05
0,0,0.0001854000157629112
1,1,0.9999999972419094
0,0,0.0003610328014713098
0,0,0.000177820994382962
0,0,0.026923186749608533
0,0,0.07622154387166105
0,0,7.907881745148559e-05
0,0,2.2837300169661132e-05
0,0,0.00019398438479355056
1,1,0.9999999999999705
0,0,0.4673625342287137
1,1,0.9999999997737701
0,0,0.00019092453841213947
0,0,0.0008148760266366001
0,0,0.00019270834210479527
0,0,0.0020898083516490426
0,0,1.0050518804647573e-05
0,0,0.0023926455632389833
0,0,9.351847129974795e-05
0,0,2.2466720193118183e-05
0,0,2.2497611429081558e-05
0,0,0.000125834992694097
0,0,0.0016290884076159934
0,0,0.00019143672364247186
0,0,0.07667612020238565
0,0,0.000181963428004332
0,0,3.270682538150393e-05
0,0,0.00014825325892811259
1,1,0.999999999999919
0,0,0.001776002141498628
0,0,6.474945030290294e-07
0,0,9.265786047989379e-05
0,0,2.2582480657220455e-05
1,1,1.0
0,0,2.243741363685074e-05
0,0,0.17869500702232027
0,0,0.00013625131453704986
0,0,0.33506468453519295
0,0,0.0001885758845245697
1,1,0.9999826342792185
0,0,0.11810594012673388
0,0,0.0001338773672165961
0,0,0.0008002954830240952
0,0,2.2514106120516876e-05
0,0,0.00019133547224067435
1,1,0.8712818799482946
0,0,0.00945620703080055
0,0,3.2011970546122774e-05
0,0,0.00012465016412218985
0,0,1.917293596518111e-06
0,0,0.0003656332501117395
0,0,0.000187705499903711
0,0,5.882058328192753e-05
0,0,0.3851488661562466
0,0,0.0074665963584940615
0,0,0.09256470550360262
0,0,2.456151705607965e-05
0,0,9.302691056749491e-05
0,0,0.0003896784836978745
0,0,2.26552567142844e-05
0,0,0.0883668477469368
0,0,2.2670346178310323e-05
0,0,0.0005599620505746516
1,1,0.6636898367646964
0,0,0.0034458200220109747
0,0,8.21967128552842e-05
1,1,0.9999999849723209
0,0,0.18405994933258016
0,0,0.00013154784129207236
0,0,0.018426081683378684
0,0,0.17857795133796509
0,0,0.19143144270252455
0,1,0.5038014586437652
0,0,2.4367152710789407e-05
0,0,0.04550236388508515
0,0,0.00012123418447245843
0,0,0.00012913367435112805
0,0,0.00019609276274269106
0,0,2.2545764258262136e-05
0,0,0.07244656572761421
0,0,1.2535169027341178e-05
0,0,0.00019005265062184838
0,0,0.09512247984347123
0,0,3.2563275082519005e-05
1,1,0.9999999935142776
0,0,4.5785663084535904e-05
0,0,7.912330276458848e-06
0,0,0.00013476903184021994
1,1,0.9999878530021629
0,0,0.00019518266938581296
0,0,0.0641480454245135
0,0,0.0001922371104499524
0,0,0.00019335193138945262
0,0,7.166154474741452e-07
0,0,9.056971232240976e-07
0,0,0.0032472570713600866
0,0,3.2016609938303626e-05
0,0,2.215115348362792e-05
0,0,4.635889920201414e-05
0,0,3.230724832273765e-05
0,0,0.00019240932058330615
0,0,2.2531700112819865e-05
0,0,2.2497431441688035e-05
0,0,0.11889228987475711
0,0,0.00019321952674858115
0,0,3.23904654397081e-05
0,0,4.702972418300658e-05
0,0,0.0001370300910067124
0,0,0.00013829951776543953
0,0,2.2384408529096786e-05
0,0,0.0003521770624612012
0,0,0.04784577426489756
0,0,0.32143357589612953
0,0,0.00019339121405273862
1,1,0.9999975597219388
1,1,0.9999999999390641
0,0,2.2706399869024363e-05
0,0,0.011217336733835553
1,1,0.9999999998955758
0,0,0.0001894428461236112
0,0,0.0003218298070227588
0,0,0.0006158918235219758
0,0,0.00233549300907111
0,0,0.004570371383030636
0,0,2.221244504137801e-05
0,0,0.00018397859609594952
0,0,0.1721371687891808
0,0,2.210215556390494e-05
0,0,0.0024914368331099435
0,0,9.336671338682216e-05
0,0,7.75579643066636e-06
0,0,0.00019089432674055385
0,0,8.499851111719551e-07
0,0,3.841152895081846e-06
0,0,0.0001678996314204193
0,0,0.00018211471785886205
0,0,7.394091783145521e-05
0,0,0.00012104606190460035
0,0,4.679091801491077e-05
0,0,0.0001304627365265533
0,0,0.0001940893471244341
0,0,0.00019051201147217217
0,0,6.544175683468131e-05
0,0,0.0001330979862728468
0,0,3.2886590241928816e-05
0,0,0.3978392056828363
0,0,0.18603860774863268
0,0,6.421655646314452e-05
0,0,3.223234218713185e-05
0,0,4.538067835739366e-05
0,0,0.0008541412646995171
0,0,0.0002745111204898825
0,0,0.00017867291849440624
1,1,0.9999896921260872
0,0,0.00019676763479486357
0,0,0.00019269811895261213
1,1,0.9999997267350004
0,0,0.00013594430159891323
0,0,0.0001697593073861264
0,0,0.0008798705098818203
0,0,0.00011727742464902026
0,0,2.2497372840878415e-05
0,0,0.016916676687493314
0,0,0.00013520473244134934
0,0,0.00031942079376704515
0,0,9.277959719778943e-05
0,0,0.00019395620498530945
0,0,9.318167388716816e-05
0,0,0.00014016421767056868
1,1,0.9999995879675422
0,0,0.00015969500641137255
0,0,0.0005792053999594683
0,0,0.0001377698627178155
1,1,0.9903655954865294
0,0,3.9389500763436e-05
0,0,0.018279712844563405
0,0,0.00042012082480117545
0,0,0.002823245371720017
0,0,0.00017423668269699085
1,1,0.9999786288913038
0,1,0.5494653529686687
0,0,2.23398776869626e-05
0,0,0.00018952383617605869
0,0,3.240950200985731e-05
0,0,0.006355203263592292
0,0,0.00018276431305115634
0,0,0.00013283470924908857
0,0,0.4564925530889339
0,0,0.4759681540091421
1,1,0.9999999903966165
1,1,0.9648917541363032
0,0,0.00019344714845022452
0,0,8.644812184356028e-05
0,0,9.386404382284563e-05
0,0,2.238298278663442e-05
0,0,6.272223805085936e-06
0,0,2.2479481907287468e-05
0,0,0.06210611336618468
0,0,0.17660927477121904
1,1,0.9999999049563103
1,1,0.5516557054123398
0,0,2.2520229698288027e-05
0,0,0.0001885285545179816
0,0,0.00021462939893984745
0,0,0.0006707643735971396
0,0,0.0001362042902937632
0,0,6.8080152302159005e-06
0,0,0.015926409452389143
0,0,0.0007134519508944793
0,0,0.16359673099908037
0,0,2.264987903714923e-05
0,0,0.00013459701493127608
0,0,2.276522857798358e-05
0,0,0.0001925417199563669
0,0,0.07579466591196526
0,0,0.00012896033358572554
0,0,0.0005761981704758568
0,0,6.513114889327081e-05
0,0,2.1285251383476115e-05
0,0,2.2179735452292293e-05
0,0,0.0033491067927941317
0,0,0.00014283218805190412
0,0,0.4277928924576099
0,0,6.545459150369006e-05
0,0,9.31145909770331e-05
0,0,3.208324456721472e-05
0,0,0.00011348109183814704
0,0,0.00018471666161373775
0,0,6.379629644040019e-05
0,0,0.17338839083684113
0,0,0.00018997115712763332
0,0,0.00013064038939428774
0,0,0.00019132468325528217
0,0,2.251491801639619e-05
1,1,0.9999999999985392
0,0,0.00013595310313910326
0,0,0.12467044073131771
0,0,0.0001349788753672135
0,0,1.3016671030137534e-06
0,0,0.00019007968974653488
0,0,0.0001339426782906195
1,1,0.9999999999538829
0,0,0.00035068495752412995
1,1,0.99999999999949
0,0,6.577127349272379e-05
0,0,9.258341801710948e-05
1,1,0.999999999620407
0,0,7.567099200166075e-05
0,0,0.00018998635524129862
0,0,0.13455552346032976
0,0,9.339713678438638e-05
0,0,0.0012201730623716623
0,0,9.303778595870272e-06
0,0,2.2773379696822422e-05
0,0,5.8306808588492915e-05
1,1,0.9999999999999625
0,0,9.448303422838935e-05
0,0,6.407893779995886e-05
0,0,0.3265482895692409
0,0,0.00019182440744021652
0,0,2.2703030211210052e-05
0,0,0.00013427989730857166
0,0,0.0002974324560440112
0,0,0.00018987373991592068
0,0,2.2572741929035613e-05
0,0,3.3978537721985086e-07
0,0,2.27260585156035e-05
0,0,0.2274392625088638
0,0,0.0001956942855092228
1,1,0.999999965636421
0,0,0.00013658100405310484
0,0,0.0004627482285415705
0,0,0.0001314399921217757
0,0,2.274272346275736e-05
0,0,7.734602391954403e-05
0,0,0.4067908157845368
0,0,7.713301033289988e-05
0,0,0.10320935194209832
0,0,9.359264881224326e-05
0,0,0.24516068077788347
0,0,6.425509571869602e-05
0,0,6.619626786929919e-05
0,0,0.0013933975492911156
0,0,0.1460669789499328
0,0,4.580396494838589e-05
0,0,1.4990840100311786e-05
1,0,0.16456320436376212
1,1,0.9981382968535568
1,1,0.9999999999999134
0,0,9.427440465233626e-05
0,0,0.00019095034722978256
0,0,0.00013056260095375993
0,0,2.1187010526110696e-05
0,0,0.00014625668003422304
0,0,0.00013199444486585056
0,0,0.0033390112498464164
0,0,2.244642449314037e-05
0,0,0.0017152698143792775
0,0,0.0001906383511194517
0,0,2.278546933006982e-05
0,0,0.00039075821818300704
0,0,2.2417091653645945e-05
0,0,0.0004508996360726837
0,0,2.259537805973843e-05
0,0,0.00018800044139755692
0,0,3.2056013258332054e-05
1,1,0.6398752871514155
1,1,0.9560184582893881
0,0,8.686997121006913e-05
1,1,0.9999940475692544
0,0,0.00013563414477228778
0,0,0.00019035761230293776
0,0,6.430662416666657e-05
0,0,0.0015446335367060283
0,0,0.06620326383516885
1,1,0.999999633253242
0,0,0.0006274126923626726
0,0,0.0001851463980419707
0,0,3.274916402027117e-05
0,0,6.502451479765598e-05
0,0,0.0001860090201453554
0,0,2.2636210832188206e-05
1,1,0.999999999944921
0,0,0.00012683878270457435
0,0,0.00019186059205478125
0,0,2.183887900130243e-05
0,0,0.0001897917434282144
0,0,2.333869466209955e-05
0,0,2.239589254739939e-05
1,1,0.9999999997966464
1,1,0.99999999979686
0,0,9.30903074646054e-05
0,0,0.012471596535293544
0,0,9.627964636139078e-05
0,0,0.0006937828157790603
0,0,0.00018808742552441185
0,0,2.274083142576238e-05
0,0,0.069202227377822
0,0,0.00019035575200525444
0,0,0.00019243403032184004
0,0,2.2079690981821172e-05
0,0,8.119405474001842e-05
0,0,0.07410368935647713
0,0,0.00014020528136930366
0,0,2.267497883068498e-05
0,0,0.0009316702187553634
0,0,4.66621511609133e-05
0,0,1.246718095343494e-05
0,0,0.25109812542039106
0,1,0.5238290777900549
0,0,0.059210067736630394
0,0,0.06805212661421658
0,0,0.4812461676987071
0,0,0.0014836004119602615
0,0,0.4085296236319284
0,0,0.1796059095973829
1,1,0.7825467667117444
0,0,2.2746502174015196e-05
0,0,0.050603469519190446
0,0,0.4427973956538293
0,0,0.0002355265016606333
0,0,2.257332194478431e-05
0,0,0.00013469644963005849
0,1,0.5380216623796638
0,0,0.0002498404178266106
0,0,0.002446350673557269
0,0,4.5899120336992536e-05
0,0,0.4433540127077729
0,0,3.1799541262989566e-05
0,0,9.25868089444791e-05
0,0,0.09098793022890789
0,0,0.00019423243922310482
0,0,0.00013473025588720274
0,0,0.0001865889778702897
0,0,0.00019243085495937928
0,0,0.0011504574412691056
1,1,0.9999899569770243
0,0,0.0001944487119007748
1,1,0.9999999986637296
0,0,6.60749066501868e-05
0,0,2.2465623356735563e-05
0,0,0.00013869785854085437
0,0,2.2215987790606174e-05
0,0,2.248820292807487e-05
1,1,0.9999999999998752
0,0,2.3085440428997655e-05
0,0,0.4500610419809692
0,0,4.495902404159119e-05
0,0,0.0001310511472944877
0,0,3.219187089463079e-05
0,0,0.011269959126373442
1,1,0.9999999307731252
0,0,0.00011275689520021253
0,0,0.000192363533391886
0,0,7.2735888580389e-05
0,0,2.2688969026725286e-05
1,1,0.9929672221377263
1,1,0.9999999999971154
0,0,0.07797344065515058
0,0,0.00018837824248802446
0,0,2.241470085669093e-05
0,0,2.3397919978493305e-05
1,1,0.9980603340945573
0,0,0.0009861355864286964
0,0,0.36803299376367715
0,0,0.00013700931638956638
0,0,0.002910519721000807
0,0,0.45309578953918433
1,1,0.9999999999999993
0,0,0.13908800850221825
0,0,9.079857708489657e-05
0,1,0.5199508915796012
1,0,0.12236547809259542
0,0,3.447891647059503e-05
0,0,0.0001854561135258237
1,1,0.9999999857275936
0,0,6.319815193684538e-05
0,0,3.198761782599317e-05
0,0,0.0001935568413112522
0,0,0.00018957516117886224
0,0,0.4425088194086749
0,0,0.08023377179040403
0,0,2.23662335545825e-05
1,1,0.9999901501989967
0,0,0.007503997332988742
0,0,2.2499414905364446e-05
0,0,9.007594279930414e-05
1,1,0.999948282602024
0,0,0.00013234520679724555
0,0,2.2681967168016958e-05
0,0,0.00013269664384432236
0,0,2.154561331951628e-05
0,0,6.612341499406779e-05
0,0,9.121486453524926e-05
0,0,0.0006549488418821887
0,0,0.09976286057884988
0,0,0.0001905599294555314
0,0,0.00013402929895264443
1,1,0.9991524725487455
0,0,0.0006116520188202847
0,0,2.2299541566555735e-05
0,0,0.00045973903519213694
0,0,3.197414660910955e-05
0,0,2.2045339495133032e-05
0,0,0.43157842821999387
1,1,0.9999999999898732
0,0,0.00018455927115135033
0,0,0.0001893204474383245
0,0,0.04874982714936351
0,0,0.00019271857941607665
0,0,0.0005100526131211053
0,0,0.0001911609791001543
0,0,6.487568995870942e-05
0,0,0.00018861143372569903
0,0,2.267363165433128e-05
0,0,0.00025271810512408633
0,0,9.255547981432004e-05
0,0,0.00013272200766251526
0,0,2.251227242266356e-05
1,1,0.9999999999611346
0,0,8.483458625671644e-05
1,1,0.9995179755119362
0,0,2.9268770194975332e-06
0,0,4.826252417080482e-05
0,0,3.1841777652696546e-05
0,0,0.0006747615870924423
0,0,0.0003084602312716026
0,0,0.24423563215980856
0,0,3.1246668380425305e-05
0,0,2.2583394216111524e-05
1,1,0.9999952253877714
0,0,3.2637746181155004e-05
0,0,0.00019272153956622568
0,0,4.654163333641126e-05
0,0,2.2608486732570018e-05
1,1,0.9999999999730862
0,0,0.002097764074455255
0,0,3.262326434458705e-05
0,0,0.00018657691134923765
0,0,0.00013870585328361456
1,1,0.9999819841771629
0,0,0.00020189486844142334
0,0,0.00013397167482462753
0,0,0.00019101406756330875
0,0,0.00013436338522353067
0,0,0.00018838752151981847
0,0,0.0001918810314865265
0,0,0.19213641011483046
0,0,0.00018512293590420078
1,1,0.9971554915447535
0,0,6.552088144075003e-05
0,0,2.270959586506916e-05
0,0,2.259825242246786e-05
0,1,0.5464856792610285
0,0,0.00014096621103558765
0,0,0.0004049928616874223
0,0,0.139268685520758
0,0,0.00018944181706845602
0,0,0.00019121810579682751
0,0,4.451255658856261e-05
0,0,0.00032966931024382807
0,0,0.0066047302852714805
0,0,4.616890545400459e-05
0,0,2.544767969688451e-07
0,0,3.253462976101258e-05
0,0,0.11989416378755924
1,1,0.9999999999858824
0,0,0.0001350803410549849
0,0,8.91214579433061e-05
0,0,2.25856912173257e-05
0,0,0.05949448634134
0,0,3.269389187562207e-05
0,0,2.2561797916719605e-05
0,0,0.21609119174094044
0,0,9.362333675498979e-05
0,0,6.541307830786465e-05
0,0,0.00018703727173796243
1,1,0.9999992135600958
0,0,0.001989561390489348
0,0,0.00019080183823790353
0,0,9.388011483321346e-05
0,0,0.39879945032765995
0,0,7.982748669110711e-05
0,0,0.00011945194888744258
0,0,0.00019192223711659616
0,0,0.00013350360022616658
0,0,0.14889997531849095
1,1,0.9984702383496605
0,0,4.624370337845027e-05
0,0,0.11092899308679091
0,0,0.0029792416556727913
0,0,2.2516892052984492e-05
0,0,2.3176635212684898e-05
0,0,4.578797385761669e-05
0,0,0.00013511625188576389
0,0,0.08679738432606943
0,0,0.0001907584305660708
0,0,0.00314864119888217
0,0,0.0001892714241733623
0,0,6.592130190210082e-05
0,0,0.00019116631892348912
0,0,0.10695053576219643
0,0,0.020212820049866218
0,0,0.00568298766721639
0,0,0.00019147507846096034
0,0,3.2286895418833774e-05
0,0,2.239434734890768e-05
0,0,3.2674441550044994e-05
0,0,0.3877297517386235
1,0,0.01374772017086134
0,0,2.1583627766496165e-05
0,0,1.0505489275702707e-05
1,1,0.9999999999956164
0,1,0.5912680611790108
0,0,2.2512448186366794e-05
0,0,0.00032375655091550004
0,0,2.2516316004878612e-05
0,0,2.2639913660803483e-05
0,0,2.2758139971789975e-05
1,1,0.9999999999502112
0,0,0.09757837069495828
0,0,1.1889019611798094e-05
0,0,0.002220943062763709
0,0,0.00013507357444197284
0,0,0.00047561161439361267
0,0,1.5459806146892464e-05
0,0,0.00019006364025580882
0,0,0.00011756905931427849
0,0,0.00019116459318594157
0,0,0.0001331225045750597
0,0,0.00012881382791809454
1,1,0.9999999995917705
0,0,9.294244456857933e-05
0,0,2.2643457449249094e-05
0,0,6.568662622181244e-05
0,0,0.08021130130495052
0,0,0.00206629825510492
0,0,0.4401412967019485
0,0,0.00018839852032386935
0,0,0.00019183452352249352
0,0,0.0001034911290531853
0,0,0.00014321175116487376
0,0,0.0001330937657015936
0,0,9.328798224731716e-05
0,0,0.00013271457659238918
0,0,0.00013544254943016605
0,0,0.0006106339567463049
0,0,0.1052443469374114
0,0,0.16037501640444388
0,0,0.4986587803841516
0,0,3.1897797049318944e-05
0,0,0.0002905816089919417
0,0,2.335791020524843e-05
0,0,0.00011254695066850556
0,0,2.2064562474182066e-05
0,0,0.053312001554608204
0,0,0.0011846734818223104
1,1,0.9999829913463585
0,0,0.02299755174279835
0,0,2.2493819878991294e-05
0,0,0.00021208453468045738
0,1,0.5125731836772945
0,0,0.1510682917884861
0,0,6.125106153088671e-05
0,0,9.29536040973574e-05
0,0,6.555325142017488e-05
0,0,0.19395539181846308
0,0,3.2083828345027754e-05
1,1,0.999999999626102
0,0,0.0013211925138612898
0,0,0.00018436446075571197
0,0,0.00012306903170988955
0,0,0.0393477336000065
0,0,0.0001283440027144248
0,0,0.0001930218616451346
0,0,2.248542449303067e-05
0,0,0.00019191696216997896
1,1,0.9999999861127622
0,0,4.705471396374318e-05
0,0,9.403951368637924e-05
0,0,0.0001886789081564597
1,1,0.9999877821114496
0,0,6.519445084872325e-05
0,0,3.215559411139292e-05
0,0,0.0004514304277420152
0,0,0.010895396103721436
0,0,9.336984718575064e-05
0,0,0.001959183096911111
0,0,0.00013269313018317525
0,0,0.0001920055892634568
0,0,0.00019547469175875594
0,0,3.070709325948744e-05
1,1,0.9999985131538709
0,0,6.505672534208653e-05
0,0,3.217091949936474e-05
1,1,0.9815893090478106
1,1,0.9760482366935089
0,0,2.2432233070575238e-05
0,0,2.257603468146556e-05
0,0,0.0007072264427113513
0,0,0.0001857023030141942
0,0,0.2767232143387514
0,0,0.0001528677970141036
0,1,0.5008850618218184
0,0,0.45949271834569216
0,0,0.00018399233178009082
0,0,2.239588920774217e-05
0,0,6.709425497192175e-05
0,0,0.00019064479754712837
0,0,6.533124589573311e-05
0,0,0.0001894495736834038
0,0,0.0003791549508210389
0,0,2.263774103118405e-05
0,0,0.13864043126252817
0,0,0.0001845259858381364
0,0,6.721636824317486e-05
0,0,0.00019222857743928957
0,0,9.283473560615246e-05
0,0,0.1505777835397714
0,0,0.00013575831672410624
1,1,0.9999999999999809
0,0,0.00018174726658310323
0,0,8.591008002811738e-05
0,0,0.00018848145725846663
0,0,0.00015930515598970555
0,0,0.00013274336065552216
0,0,1.5180986295969275e-06
0,0,0.15540863969278973
0,0,5.0759385997047456e-05
0,0,0.00018528635146747652
0,0,0.00013541153331754458
0,0,0.00022765805054049878
0,0,0.00013393461490828577
0,0,2.253339526924234e-05
0,0,9.465773261628618e-05
1,1,0.8676595821326314
0,0,5.8542522674046835e-05
0,0,0.031374461430708996
0,0,0.272309770740541
0,0,3.4438347914555656e-05
0,0,3.186236276729208e-05
0,0,0.00013605387977758734
0,0,4.6576156284867645e-05
0,0,0.0016482158719064266
1,1,0.9999841472256515
0,0,2.2812578224153817e-05
0,0,4.4888720634945436e-05
0,0,0.00018873894162210376
0,0,2.130848876474918e-05
0,0,2.263712438348076e-05
0,0,0.00040582310672231814
0,0,2.269188347795213e-05
1,1,0.9999999887800669
0,0,2.24701437377443e-05
0,0,1.3876320696809233e-05
0,0,0.0003938350810696335
0,0,2.2541891203200304e-05
0,0,0.000195437775846615
0,0,2.221393821838299e-05
0,0,0.000138596099656297
0,0,0.00013496542601546929
0,0,0.00013002380972397808
0,0,1.9741218376375423e-05
0,0,0.00019270419864739828
0,0,0.00027787730431673343
0,0,2.2848314207001284e-05
0,0,0.00018602339804918035
0,0,0.3483784720721614
0,0,0.03483679484927496
0,0,2.2545715911943614e-05
0,0,0.001400894048860606
0,0,0.3916663330383823
0,0,0.00018334840620563958
0,0,0.4316993964326294
0,0,0.253561203553664
0,0,2.277177034666985e-05
0,0,3.256639514015207e-05
1,1,0.9929896927117018
0,0,0.1386053125699783
0,0,4.41929177255844e-05
0,0,9.355174588753079e-05
0,0,0.00013369494222771272
0,0,0.00018153048883551444
0,0,0.0001338903844743788
0,0,2.2525633030149108e-05
0,0,0.00013893509444592956
0,0,0.00018815740653863728
0,0,2.2413228747008914e-05
0,0,0.3504636697217671
0,0,0.029673098077367226
0,0,0.00018627169543370374
0,0,0.0019144470557585591
0,0,3.1976608319290394e-05
0,0,0.0001060452377670506
0,0,0.0003832975329136357
0,0,0.4558499214975008
0,0,1.633641421362647e-05
1,1,0.9999999996901303
0,0,3.2174372335822e-05
0,0,0.0001894313310456387
0,0,2.1982331163770503e-05
0,0,0.3203158250393595
0,0,0.0005340421959732519
0,0,0.07539168269742824
0,0,0.0024858071994239505
0,0,0.08647085584550823
0,0,0.0001327919266964005
0,0,0.00029054230515439635
0,0,2.2380042433513933e-05
1,1,0.9997788262692009
0,0,3.2183688023915605e-05
0,0,6.575519102645368e-06
0,0,0.00013632923615811076
0,0,0.17121390198346045
0,0,0.00013734598647087385
0,0,0.00018264668152848508
0,0,0.1443804414508871
0,0,0.0001322144735900867
0,0,0.0009909318597305576
0,0,0.19672416020790687
0,0,0.37922036379131513
0,0,3.229082497138329e-05
0,0,0.00013476780796868788
0,0,6.52704230356457e-05
0,0,0.00021093955926797706
0,0,0.00017844597890818233
1,1,0.9999999991009829
0,0,0.00019069979647044476
0,0,0.0001301983465955627
0,0,0.17094989717333742
0,0,0.0022930523367007795
0,0,2.312914186462475e-06
0,0,0.0013234227398961585
0,0,0.00023100749041545914
0,0,0.00013568482472065986
0,0,3.210847997305416e-05
0,0,0.00018252936166163918
0,0,0.48298738875765834
0,0,0.0001852035449187321
1,1,0.9999999999978886
0,0,6.568449889620803e-05
0,0,6.50918376689594e-05
0,0,6.485284120191778e-05
0,0,0.0001267937480099652
0,0,0.0001333413987149622
0,0,0.04258214749288987
0,0,0.4834990404533386
0,0,0.00013008575278404812
0,0,0.0015819243500794417
1,1,0.9999999786932534
0,0,2.2777523963363757e-05
0,0,0.3414210969484615
0,0,0.0001915221818123648
0,0,2.2815398214210966e-05
0,0,2.563857618595617e-05
0,0,0.0003092556446015857
0,0,3.2344960812233635e-05
0,0,0.0001921364107040047
0,0,0.00020066717785434773
0,0,9.398274118171223e-05
0,0,0.003117549495982074
0,0,6.504697611134608e-05
0,0,4.450632813125743e-05
0,0,0.00018945693082638077
0,0,0.00018876137607302495
0,0,0.00033444133671546496
0,0,0.00018951274233519472
1,1,0.606313148091573
0,0,0.008459136388937116
0,0,2.1596921108609523e-05
0,0,0.06875599873512668
0,0,2.2190721787434535e-05
0,0,0.0861917999419556
0,0,0.0015364999966061637
0,0,0.029949432800441846
0,0,0.00019078844470239896
0,0,0.00032290042928343035
0,0,3.1618145680664902e-06
0,0,0.0014714219829510512
0,0,0.00013636283398876887
0,0,0.0017401078547240796
0,0,2.2692780080949908e-05
0,0,0.17266900521985348
0,0,2.2056082022060927e-05
0,0,4.703981926761807e-05
0,0,4.6726647678258396e-05
0,0,2.236562867278963e-05
0,0,2.1421751248699415e-05
0,0,0.00012853212341316613
0,0,0.00013649754604243408
0,0,0.00012849295663283443
0,0,0.05998965013381425
1,1,0.9998488616904349
0,0,0.00018951106829029942
0,0,4.635583570007232e-05
0,0,0.2961490784148356
0,0,1.2831439406259283e-06
1,1,0.9999999999986566
0,0,0.000750568468301736
0,0,0.2794453103921389
0,0,4.5752131953027814e-05
0,0,0.15768848763173146
0,0,3.2149335057624705e-05
0,0,0.0001957173173625197
0,0,0.00019948791811215803
0,0,1.521565089671148e-05
0,0,0.00021764231193853602
0,0,0.00018968227247212637
1,1,0.999999992664079
1,0,0.00036338907488813593
0,0,8.699483788585885e-05
0,0,2.3160051789989068e-05
0,0,0.33475793493460904
0,0,9.292948203060246e-05
0,0,0.12403389560432233
1,1,0.9999999715110949
0,0,0.0009700558283591963
1,1,0.9999999999977103
0,0,2.238688022682347e-05
0,0,0.13416039952204334
0,0,9.290146978948639e-05
0,0,0.002309855158898293
0,0,0.00013176322163671708
1,1,0.9999999999958744
0,0,0.0002252763198006688
0,0,0.00023728693607943978
0,0,2.2850075956219324e-05
0,0,3.287909236783551e-05
0,0,2.279414158900171e-05
0,0,2.244926303401527e-05
0,1,0.5310528391982042
1,1,0.999999999999942
0,0,0.00021279513118091221
0,0,0.03657383008143407
0,0,0.00019258791358362176
0,0,9.240558510631814e-05
1,1,0.9999999999997109
0,0,0.17670145333111936
0,0,0.0001760857629888494
0,0,0.00019205965071271067
0,0,0.01308612815101725
0,0,0.0020562088148065333
0,0,0.048167078511521806
0,0,0.00013133895478520803
0,0,3.2244134597633195e-05
0,0,0.1430928478144084
0,0,0.45612730434606225
0,0,0.0001932904214721963
0,1,0.626948363439932
1,1,0.9999999999999138
0,0,0.0083240107602592
0,0,7.748716266370512e-05
0,0,0.00033209324013752157
1,1,0.9999999999999825
0,0,9.358734097912496e-05
0,0,0.13675981812133428
0,0,2.199680854496793e-05
0,0,0.00019046870760311502
0,0,0.24959671082246432
0,0,0.00013543227917963468
0,0,0.04242048249420767
0,0,6.553908943366677e-05
0,0,0.24341852000177386
1,1,0.5994630718858208
0,0,2.246017332581697e-05
0,0,2.2576973468089093e-05
0,0,2.2111186016379745e-05
0,0,4.5803014720616146e-05
0,0,2.289002075903368e-05
0,0,0.0028465874707073457
0,0,0.0001211487128680655
0,0,0.00036528278541481134
0,1,0.5207149518092399
0,0,2.2492036137611903e-05
0,0,3.130341355955959e-05
0,0,0.000127551315541728
0,0,2.216556833305241e-05
1,1,0.9999999999994353
0,0,0.00019006249506509106
0,0,2.2531597139692177e-05
0,0,0.10930178983185607
0,0,0.16490151668908862
0,0,0.0012850920222949819
0,0,3.116908070856217e-05
0,0,8.45103772065071e-06
0,0,0.2593499589332068
0,0,0.0008661751695670823
0,0,0.00014031927054110568
0,0,0.32508725629272633
0,0,0.0011963216199922056
0,0,0.2833486196377848
0,0,0.05922378697427964
1,1,0.9999977262874699
1,1,0.999999999838767
1,1,0.9999999999919171
0,0,0.10622668177953651
0,0,0.00019085468165130342
0,0,0.0952687487730181
0,0,5.973699168807866e-05
0,0,0.0001352830683736434
0,0,0.0001427709981544851
0,0,0.00019531294536764715
0,0,0.00019250608655894326
0,0,0.00018339528745925092
0,0,3.204599126910117e-05
0,0,2.2433412175884576e-05
0,0,6.53730128846284e-05
0,0,3.1066277488472654e-05
0,0,9.336202695996366e-05
0,0,0.0001353251866897517
0,0,0.00012990785641465793
0,0,0.08374117406625763
0,0,0.16352915348638344
1,1,0.5319481442446492
0,0,9.383300972270748e-05
0,0,2.2692097912551082e-05
0,0,0.00013870112688792915
0,0,3.204984914291018e-05
0,0,0.10418735710489344
0,0,0.00013264024645169643
1,1,0.9999999689521636
0,0,9.382087930008623e-05
0,0,0.4521306021081804
0,0,2.2654132498265513e-05
0,0,2.2517068703369784e-05
0,0,0.00019152255074857434
1,1,0.9999914534737105
0,0,0.00019176132499628513
1,1,0.6237249791973533
0,0,4.63424756052082e-05
0,0,0.4335498887030421
0,0,6.548948935904711e-05
0,0,0.45620061199043144
0,0,0.0011837779120537969
0,0,0.37728401891619323
0,0,0.0001915882072325458
1,1,0.9997981530940793
0,0,0.00014355271703667458
0,0,0.4706035245127473
0,0,0.00013886123681548896
0,0,0.10608820028873016
0,0,0.0003389535558237118
0,0,0.0008544331228293136
1,1,0.9999996167711663
0,0,0.00012896376554105959
0,0,0.16452998669490135
0,0,0.0001887577242941053
0,0,3.0354360763949877e-05
0,0,0.00010998565138751483
1,1,0.9950510964136283
0,0,5.765486336265038e-05
0,0,0.000137868098699583
1,1,0.9999999419320038
0,0,2.4028452711709982e-05
0,0,0.00016492266921061354
0,0,3.230128908064148e-05
0,0,0.00012655714903873775
0,0,0.00013759268575167427
0,0,0.49634613061883687
0,0,2.1914017671453253e-05
0,0,0.49572929402684773
0,0,0.12168433646209162
0,0,0.0020888368645455443
0,0,0.0006934945734478424
0,0,2.2609483283284258e-05
0,0,0.00018832225406444173
0,0,0.00012893184243713054
0,0,0.0003724924073696244
0,0,9.397535005473357e-05
0,0,0.0031800848647531286
0,0,0.00018998500359623363
0,0,0.00019352680866795025
0,0,3.2068600094003743e-05
0,0,2.245629680581978e-05
0,0,3.1944622630233305e-05
0,0,0.29156641700619873
0,0,1.4670344962648644e-05
0,0,0.00018704277354834097
1,1,0.9999589587209614
0,0,9.357736125213995e-05
1,1,0.9999996341364252
0,0,5.9306018462605276e-05
0,0,0.0054663227104832035
0,0,0.00014109555433992278
0,0,9.162758876264437e-05
0,0,0.00018976629545186066
1,1,0.9999999999937637
0,0,0.346735079134209
0,0,0.0001915358757147576
0,0,3.218543313549496e-05
0,0,2.242087755058432e-05
1,1,0.5217504934045061
0,0,0.00010599837170244242
0,0,2.1919632491203056e-05
0,0,0.00018959225384243694
0,0,0.043310514073698375
0,0,4.2737943583106345e-05
0,0,0.00013318963510337945
0,0,0.00018951475636332636
0,0,0.0001927967023660217
0,0,2.258157427428956e-05
0,0,0.00019481795621340415
0,0,0.000431112594233956
0,0,0.00013336021297429451
0,0,0.0022784449475881543
0,0,0.0001312496619061403
1,1,0.9999999994589992
0,0,0.0011474444180812754
0,0,0.00012887739935474085
0,0,4.717118198884267e-05
0,0,0.04613624654277539
1,1,0.9999999999924045
0,0,7.996452970362066e-05
0,0,0.00019275964047251482
0,0,0.11277534870256548
0,0,0.0001329280087729811
0,0,0.18405552371086376
1,1,0.9999998466930595
0,0,4.243245014901823e-06
0,0,0.00019691992132836374
0,0,0.2216110383653178
0,0,0.00018816158671903198
0,0,0.00018540733032576946
0,0,3.582652891414486e-05
0,0,8.110244001430311e-06
1,0,0.28098575848558316
0,0,0.00018900006690538102
0,0,2.1890494949996595e-05
0,0,6.529547842914899e-05
0,0,3.89429407634259e-05
0,0,6.534519423580683e-05
0,0,0.00013382671183091003
0,0,0.3734372664700728
0,1,0.5312985147562848
0,0,2.2631643338071527e-05
0,0,0.04201681984866731
0,0,2.2660556363876786e-05
0,0,0.008140024351622418
0,0,0.00021938902182476507
0,0,0.0001896840774873356
0,0,0.24876524698485697
0,0,0.0020202365273284313
0,0,0.10236440943580266
0,0,2.2398039586040698e-05
0,0,6.92034528053761e-05
0,0,0.00017553457164715166
1,1,0.9999999697948119
0,1,0.5230520637530071
1,1,0.9999996930717089
0,0,0.0038039327321445996
0,0,0.03924660888937584
0,0,0.009949811771675374
0,0,0.00018852586661110505
0,0,0.005117200214695756
0,0,0.001271333936799827
0,0,0.0001913303052276435
1,1,0.999999019871434
0,0,1.7495941622556316e-05
0,0,2.235966237759764e-05
0,0,7.953047270829703e-05
1,1,0.9999992803340579
1,1,0.9999999991329267
0,0,2.2552794791772388e-05
0,0,0.00018884985099428784
1,1,0.9999910820990607
0,0,2.2411122943518494e-05
0,0,2.1909417811637352e-05
0,0,7.520258477616569e-05
0,0,0.0001346769781162821
0,0,0.00144183225266397
0,0,0.0001311751833163587
1,1,0.9219099765353004
0,0,0.0001904698160165534
0,0,0.0001307665659892731
0,0,0.00019012870804365403
0,0,0.00019042187540942575
0,0,0.000190293948221866
0,0,2.222508313362485e-05
0,0,0.0024705539781971144
0,0,4.625873765919154e-05
0,0,2.3266459482841644e-05
0,0,0.22933186004467215
0,0,2.225632735191341e-05
0,0,0.022704396969357044
0,0,0.00012341857639021987
0,0,0.0010997993483880517
0,0,9.406869533037442e-05
0,0,0.0001910185814199275
0,0,0.037360322489546884
0,0,0.00019196915395074303
0,0,0.01766572305174516
0,0,0.07338579370213118
0,0,0.0001328498406912485
0,0,0.41404031291718757
1,1,0.5395945196326218
0,0,0.00018801623988600683
0,0,0.00013434862481948528
0,0,0.00013726770452442957
0,1,0.6182407590462488
0,0,3.3018935674434405e-05
0,0,0.00030182121487911957
0,0,2.2759100391087448e-05
0,0,3.200711284306731e-05
0,0,0.00018764613693753406
0,0,0.00013667186345165736
0,0,0.00012658591074115835
0,0,2.719163792407619e-05
0,0,4.92368106402339e-06
0,0,0.26928908962582354
0,0,0.13880407261039004
0,0,0.00013427357024127853
0,0,0.0001931077199656144
0,0,0.00019394078104098078
0,0,0.00036746341855706314
0,0,2.256483850562165e-05
0,0,0.00019084635010336977
0,0,9.470896997250298e-05
0,0,0.0006634961502201217
0,0,0.10670408063563214
1,1,0.9999873622952693
0,0,0.00018950603814746052
0,0,2.2763026283148725e-05
0,0,0.00018785754881181973
0,0,0.00012282067087575086
1,1,0.9999999999984985
0,0,0.00013666815681026022
0,0,3.287419278304761e-05
0,0,9.350798196606927e-05
0,0,0.0001949892193468162
1,1,0.9999999999993756
0,0,3.261654497595011e-05
1,1,0.5392285808215086
0,0,0.00018975696259325607
1,1,0.9999999999999105
0,0,9.32266105733167e-05
0,0,0.13544269442123613
0,0,0.00012277200279933314
0,0,4.6112422030741505e-05
0,0,0.0001868910999229003
0,0,0.0008725686496437405
0,0,6.561965989343006e-05
0,0,0.000469367822249583
0,0,3.166715401170369e-05
0,0,0.0014636069689953036
0,0,0.10537843328409253
0,0,0.0001555894702218026
0,0,6.522050145311947e-05
0,0,0.0001913429589939227
0,0,3.173715537195944e-05
0,0,0.000332861280284541
0,0,0.00018832023382495187
0,0,0.16396151881599405
0,0,0.0005862104043306952
0,0,0.0017194279406063573
0,0,0.00013493177739235836
0,0,0.00018726530515859562
0,0,2.291282622246554e-05
0,0,1.3906386229191809e-06
0,0,0.0001372286929862484
0,0,8.311902853816855e-05
0,0,2.2646603937907056e-05
0,0,0.0001948645424689944
0,0,2.278212585784446e-05
0,0,0.000196495517878634
0,0,2.294007516229614e-05
0,0,2.2504789272398215e-05
0,0,2.2487708474404e-05
0,0,9.436027462243777e-05
0,0,0.4421811911401182
0,0,0.00018630117028006562
0,0,9.289238453437964e-05
0,0,0.0001730763816286532
0,0,0.17192964596249574
0,0,0.0208444846963029
0,0,0.00018732691543561978
0,0,0.000880149280855328
0,1,0.5048339526376484
0,0,0.25371577757241615
0,0,0.24804984120666212
0,0,2.146806259029863e-05
0,0,0.0001840114188065322
0,0,0.012356028539561385
0,0,0.00018640229155681968
0,0,0.00019329368419505858
0,0,3.042220041753163e-06
0,0,0.00020076554179786712
0,0,0.00019143380620863712
0,0,0.10751008470386651
0,0,4.637222099417604e-05
0,0,4.5750815051681095e-05
0,0,3.0631884227390064e-05
0,0,0.0003733291953903277
0,0,0.00019033191848768618
0,0,2.2694421632618257e-05
0,0,0.00024559573714291315
0,0,2.2754403525425134e-05
1,1,0.9999999999695468
0,0,3.100600692731803e-05
0,0,0.00018897683759556435
0,0,4.592793173056793e-05
1,1,0.9999921175664025
0,0,0.00020732750098798486
0,0,0.003176321142146402
0,0,0.0001370717564601809
0,0,0.0003510237242933364
0,0,0.0033796321706883745
0,0,0.0008618896484231492
0,0,0.0002335429333952991
0,0,0.0012404275724402824
0,0,0.00012514130518526058
0,0,3.4087042325775115e-06
0,0,3.3147671853231604e-05
0,0,9.430520553848434e-05
0,0,1.7486467253963872e-05
0,0,0.00019288469668879193
0,0,2.2588550013702936e-05
0,0,0.2181378782028242
0,1,0.6499580876072474
0,0,0.00019049981210002558
0,0,0.32745549373393823
0,0,0.0001305574529925467
0,0,2.1942660440441923e-05
0,0,0.0001890978671586475
0,0,3.237492810426205e-05
0,0,0.23302295979365328
0,0,0.0001905047854391417
0,0,0.0005218233895718027
0,0,0.03018886875314996
0,0,2.157854950516395e-05
0,0,0.0003117630005270761
1,1,0.9935579954403864
0,0,0.00019259261906103247
0,0,8.065463386584316e-05
0,0,0.0001128401649179082
0,0,0.00018951962226586598
0,0,9.139451110088966e-05
0,0,0.00018960431986055315
0,0,0.06796267360567233
0,0,3.2562525557091286e-05
1,0,0.21744949469572963
0,0,0.00012978519207225797
0,0,0.44086719056949475
0,0,0.000186015415549792
0,0,0.0001910305761800903
0,0,0.00013287757687519656
0,0,0.0001290961573138562
0,0,0.07326404333992208
0,0,0.00019105508667147415
0,0,0.01607677106474905
0,0,2.253576902217447e-05
0,0,0.00018997207968480943
0,0,0.0001914561374650743
0,0,0.00013973958321492375
0,0,0.014056104439501652
0,0,2.252423810550237e-05
0,0,0.029717361167788277
0,0,0.3944479371354461
0,0,0.003088369002734723
0,0,2.2599150835565275e-05
0,0,2.2622421731380085e-05
0,0,7.908533188853676e-05
0,0,0.00013603375612679025
0,0,2.2400388607971522e-05
0,0,0.0004497127728308668
0,0,0.00033854672802011723
1,1,1.0
0,0,0.00012471440499990124
0,0,0.0010767098494573833
0,0,0.11111500544691451
0,0,1.5830035426183665e-07
0,0,0.00019315395250883634
0,0,0.012674006889895143
0,0,5.4064938643097375e-06
0,0,2.238780025338612e-05
0,0,0.00019063993574522877
0,0,0.00019190905674102313
0,0,0.3799323316494375
0,0,0.02152920350161706
0,0,4.5560576043697314e-07
0,0,0.00013468146899296593
1,1,0.9999999999610865
0,0,0.0005616104818213718
1,1,0.9999999999241826
0,0,0.001515754605409454
0,0,9.330657196732324e-05
1,0,0.31162185977931084
1,1,0.5664979514199994
0,0,0.1633459412711267
0,0,0.18241817700525223
0,0,0.002780732984534435
0,0,2.940871334265607e-06
0,0,2.1792760944379008e-05
0,0,0.002101282720875449
0,0,3.2569586166588086e-05
0,0,0.0001284740850352924
0,0,1.936298696705343e-05
0,0,0.00019066395132287826
0,0,0.00019230118327725023
0,0,2.2499224713432208e-05
0,0,9.357433041947121e-05
0,0,0.3747315272538547
0,0,2.2539095625296044e-05
0,0,3.237191814530618e-05
0,1,0.6024187927039618
0,0,0.00011227811143544736
0,0,9.351926635750662e-05
1,1,0.939377873128542
0,0,0.10686056701501742
0,0,0.0001961544277214527
0,0,0.00019021488470854535
0,0,0.017502461620117926
0,0,0.015642407071968505
0,0,0.11969090999214903
0,0,0.0035680706584768733
1,1,0.9999999999997118
0,0,2.2466217504817e-05
1,1,0.9999999982661472
0,0,0.001469301321826889
0,0,0.0002566698730301097
0,0,0.00013518359296889272
0,0,0.0010184729315576384
0,0,0.0001306100778508939
0,0,0.0029925192227674285
0,0,0.0006677902672710503
0,0,3.202374805818618e-05
0,0,0.1597591196193459
0,0,0.00013737717696026954
0,0,0.3274282594705015
0,0,0.11613761670892185
0,0,0.0001269780695443486
0,0,0.36890918746718854
0,0,0.2032580559532429
0,0,0.0001892755028783553
0,0,0.00013482768499485016
0,0,0.00019660396589300498
0,0,9.352579145500244e-05
0,0,3.6349423660321716e-05
1,1,0.999999991889935
0,0,9.422036764767077e-05
0,0,0.00017785002564739324
0,0,0.0012656051970857723
1,1,0.9999999999976019
0,0,2.239015928190571e-05
0,0,0.0001901176308295293
0,0,2.2365211977889154e-05
0,0,6.549452500420509e-05
0,0,0.2908276615111284
0,0,9.218751899922798e-05
0,0,2.249601671327346e-05
0,0,0.00020452886477056575
0,0,0.00018855815651341572
0,0,9.351690692651666e-05
1,1,0.9999999999480595
0,0,9.358558769817552e-05
0,0,0.21268678774740102
0,0,2.2413201199871244e-05
0,0,0.00013020051135108598
0,0,0.000534152496905156
0,0,0.0001818001158709673
0,0,3.0355806077493348e-05
0,0,0.00015334362523227826
0,0,0.002404704897609425
0,0,0.142245979736022
0,0,0.4885365120661629
0,0,0.0008449462032571072
0,0,1.903812362125892e-05
0,0,0.0001336097394878533
0,0,0.0003526360414809071
0,0,0.00013505216219445734
0,0,0.06419961235549507
0,1,0.5353804743954791
0,0,9.548802056206318e-05
1,1,0.9999999999999685
0,0,0.000919030342498798
0,0,0.00018941288737882856
0,0,1.7749365064228646e-05
0,0,0.000194432743047509
0,0,0.00019248403774228118
0,0,6.414894698547326e-05
0,0,0.0020157421096898133
0,0,0.00019065915889192268
0,0,7.30105958789321e-05
0,0,3.2406160144957904e-05
0,0,0.45679442149303146
0,1,0.5886116529463663
0,0,9.392699747482275e-05
0,0,0.00017998399293057404
0,0,2.2180221190087277e-05
0,0,3.572454325626601e-06
0,0,3.191907634414998e-05
0,0,0.00013462102127787215
0,0,2.3469948413781305e-05
0,0,0.00018518874560327942
1,1,0.9999810549526366
0,0,2.2671212413153625e-05
1,1,0.9999999989058925
0,0,0.12491172499651823
0,0,0.032897742450618224
0,0,4.5125133897564225e-05
0,0,0.0791686908879322
0,0,2.24267835113718e-05
0,0,0.044487021838445794
0,0,0.0003193405690620082
0,0,0.00018979844032992514
0,0,0.00019071474286830786
0,0,3.196788169457859e-05
0,0,0.0001905965876480447
0,0,2.1983198752096208e-05
1,1,0.9999999999441005
1,1,0.999999999998447
0,0,0.15920185632835573
0,0,8.350029912048735e-06
0,0,7.390366071999381e-06
1,1,0.8251982832473617
0,0,2.2018419400450694e-05
0,0,0.0011190255916816308
0,0,0.36922600672476374
0,0,0.00012904151682330782
0,0,2.521903622206153e-05
0,0,2.256677279654922e-05
0,0,2.2508968352154917e-05
0,0,2.3000628322591337e-05
0,0,0.00013441702357527716
0,0,0.0002239307365287498
0,0,0.0017407103201643659
0,0,0.1155852075858123
1,1,0.9999999999969249
0,0,0.00013399068807665914
0,0,2.557919323030605e-05
0,0,2.240770747509517e-05
0,0,0.10892277627362015
0,0,0.00019054379657963046
0,0,9.651957676691652e-05
0,0,2.2489639165103542e-05
0,0,0.0001322492702826845
0,0,0.00025213470316799214
0,0,0.00011271089315094374
0,0,0.0022299551827293937
0,0,0.00013093821236989203
1,1,0.9999998987783463
0,0,6.583850793899008e-05
0,0,0.44050355597597074
0,0,0.005614679731923803
0,0,0.4565240329681963
0,0,0.0001937647424563922
1,1,0.999767131285592
0,0,2.2566030186222415e-05
0,0,4.637138681513608e-05
0,0,0.0007146508664984792
0,0,0.11228498194991078
0,0,4.7490431979749214e-05
0,0,0.30753051052410446
0,0,0.14645727162038538
1,0,0.4597729206654943
0,0,8.97665583078683e-05
0,0,2.9549707883465703e-05
0,0,6.39209151985219e-05
0,0,2.2817763250834095e-05
0,0,0.0001914153684791078
0,0,0.33009274250643467
0,0,3.184936188031455e-05
0,0,2.244668363567032e-05
0,0,3.173462024558806e-05
0,0,2.2568067645970797e-05
0,0,0.07362772822645057
0,0,0.0029760900401023726
0,0,0.0001917006632263199
0,0,0.00013313278409744292
0,0,2.0361805098280504e-05
0,0,0.00019127106342462576
0,0,0.0003057368286855544
1,1,0.9999999825991653
0,0,3.2148930340697294e-05
0,0,4.647039792740161e-05
0,1,0.5550413001561281
1,1,0.9999999947006086
0,0,1.123474333243918e-05
0,0,0.02249842109466189
0,0,2.248161305699825e-05
0,0,2.2651442334391907e-05
0,0,0.3957075088044241
0,0,6.1731605385494155e-06
1,1,0.999999999997583
0,0,0.0019889438900371143
0,0,1.3159111665374862e-05
0,0,0.41024010305277125
0,0,0.00012283466181850107
0,0,0.49438657890460136
0,0,0.000190039851748284
0,0,0.07579222630168697
0,0,0.09861531410317809
0,0,3.2399329568266563e-05
0,0,0.1044178693898074
0,0,5.560945197569501e-05
0,0,0.00019098560746473277
0,0,0.014563457418789267
0,0,0.00048525220385604563
0,0,4.683503498896273e-05
0,0,2.2425505226914317e-05
1,1,0.9012043913952377
0,0,2.2247377246888166e-05
0,0,0.1137465867234063
0,0,0.00010676110385402472
1,1,0.9999999652658064
0,0,0.40535757496392766
0,0,0.31890139462564937
0,0,0.00037854809930740636
0,0,0.00018461427174732532
1,1,0.9999153305762445
0,0,8.01290764481406e-05
0,0,0.00021900033955482378
1,1,0.9999954573321843
0,0,8.690103206632125e-05
0,0,2.2370439286053104e-05
0,0,0.012662283699371129
0,0,0.2119907602425993
0,0,0.04616303148944939
0,0,0.00019031638330268904
0,0,0.00013464871570255174
0,0,0.0007016229933322432
0,0,0.31232208071419393
0,0,0.00019050961058937122
0,0,0.3539146439241003
0,0,4.745405137650534e-05
0,0,0.0037525778706652612
0,0,5.4698331858759626e-05
0,0,0.026058686495905283
0,0,6.737995104726512e-06
1,1,0.9999999999926565
0,0,4.0036873530317735e-05
0,0,0.008384634538584543
0,0,2.568414193034226e-05
0,0,3.094920131649159e-05
0,0,0.06981078151177901
0,0,0.000191494931228401
0,0,0.13608930985226642
1,1,0.9999999999999738
0,0,0.09272266623872802
0,0,0.0009836866806852572
0,0,6.546628805764192e-05
0,0,0.00041354036222553635
0,0,0.00032772006628657924
0,0,0.4284735139991695
1,1,0.9999999999654705
0,0,6.308322445498882e-05
0,0,0.0009189034348330283
0,0,0.00018741063435109002
1,0,0.46845304449024816
0,0,0.00013641371050222538
0,0,3.193587540196431e-05
0,0,2.281971735833405e-05
0,0,4.69222146072434e-05
0,0,4.771884245476987e-05
0,0,0.0001897245902584177
0,0,4.563032187451661e-05
0,0,4.4368358641681904e-05
0,0,8.25894828262818e-05
0,0,0.00013983492731235603
0,0,0.00012822381886153067
0,0,0.07596345153510593
0,0,0.0001864153844194292
0,0,0.00013108445916620984
0,0,0.0008211170895828523
0,0,0.0001919711109287362
1,1,0.9999983206734582
0,0,2.2397763053809408e-05
0,0,0.00019312382796246697
0,0,2.2134250065430408e-05
0,0,0.21149109221956638
0,0,9.365204963568215e-05
0,0,0.0007182995871996392
0,0,0.0016402601480959217
0,0,8.034400760660453e-05
0,0,3.2292993102761093e-05
0,0,0.00013440729148333662
0,0,0.14261054017178057
0,0,0.00013502265861184694
0,0,0.00013440001742597715
0,0,1.288050208195205e-05
0,0,0.00013700080162619692
0,0,0.00019201874259904908
0,0,2.3105430974199297e-05
0,0,0.0003311602735652958
0,0,0.0005006188050934106
0,0,0.009416340088309055
0,0,4.697761000336945e-05
0,0,0.00013092295162052132
0,0,5.052967030933409e-06
0,0,0.0004199846117934926
0,0,0.00019712518660064656
0,0,2.1711394358425275e-05
0,0,3.208479942330213e-05
0,0,0.43657224775292397
0,0,0.002019867929762305
0,0,0.0005609475568692487
0,0,0.035007386810709126
1,1,0.9999999846269625
0,0,4.160412222927286e-05
0,0,0.00011648875507956628
0,0,0.00018765894838095154
0,0,1.3394297325856883e-05
0,0,0.0025403641976731893
0,0,0.00013298627296187565
0,1,0.5263198884601689
1,1,0.9999916003612669
0,0,9.13661705814817e-05
0,0,0.00019134089666274047
0,0,0.0014067724397493473
0,0,2.1380058161805465e-05
0,0,0.4411891038539209
0,0,4.6850620118221476e-05
0,0,0.18831905122802473
0,0,2.0111302130601974e-05
0,0,0.05914738214049208
0,0,3.202355725128782e-05
0,0,9.361901350917346e-05
0,0,0.3144225233698566
0,0,3.227440219572341e-05
0,0,2.19525205273302e-05
0,0,3.192140466177578e-05
0,0,0.0001340979865005569
0,0,2.207118311418819e-05
0,0,3.156377461784887e-05
0,0,0.030984244128263436
0,0,0.1525683234783694
0,0,0.0013387223653039608
0,0,9.286697314352239e-05
1,1,0.9999998812525887
0,0,0.0002375600212178482
1,1,0.9999985677223076
0,0,0.05379930164238453
0,0,0.00018754911505958422
1,1,0.9954299059350213
0,0,0.0001921068518207796
0,0,3.178160710698618e-05
0,0,0.10204330265044795
0,0,0.00019302436116222846
0,0,0.0020549473494842394
0,0,2.2740336641157556e-05
0,0,0.0001900246469142241
0,0,0.00041033682552720234
0,0,2.264422479715443e-05
1,1,0.9999999909300247
0,0,0.00019020520579498195
0,0,0.00015507220099377191
0,0,0.00019143067350675192
1,1,0.9999998980804516
0,0,0.2982543045050807
0,0,0.0003593986435363028
0,0,2.2465631647953705e-05
0,0,0.0001884654181088445
0,0,0.15940007652049054
0,0,0.15270959254222835
0,0,8.798498460208365e-05
0,0,0.10714065660830605
0,0,3.172290834774362e-05
0,0,0.0001285172185547483
1,1,0.9999721152960199
0,0,0.0001951454183311681
0,0,0.00013357200424538536
0,0,0.00022247399910246165
1,1,0.5405240562089433
0,0,6.54911718250914e-05
1,1,0.9976291169454456
0,0,0.007724453268466823
0,0,0.00023708563663130347
0,0,0.00018747965669815964
0,0,2.2236070250283677e-05
0,0,0.001229338749105276
0,0,2.2373800037885276e-05
0,0,0.00018389562119043308
0,0,0.000794703218254982
0,0,4.572607477419957e-05
0,0,3.162182157103281e-05
0,0,0.00019155276794177245
0,0,6.387713488974136e-05
0,0,2.2557423115469362e-05
0,0,2.2301860155161306e-05
0,0,0.0011400257827146592
0,0,2.264132964284007e-05
0,0,0.00013891400189497167
0,0,0.0014851700068244334
0,0,0.00013592943653498141
1,1,0.9997242421997665
0,0,0.00018613183066182263
0,0,2.2795905182883192e-05
0,0,3.274709380081396e-05
0,0,9.337003970239665e-05
0,0,0.00033003111384636284
0,0,2.2437925488574122e-05
0,0,0.00045219285724038466
0,0,0.0005172847033303911
0,0,0.44902869775696835
0,0,0.00019128690485277285
0,0,3.9593097988978184e-05
0,0,2.2380099858451836e-05
1,1,0.8930749419749586
0,0,0.0001911221218487363
0,0,3.221741211445568e-05
0,0,2.3277908715150237e-05
0,0,0.00018442579670274286
0,0,6.519222931471401e-05
0,0,0.0028832233130020295
0,0,3.212044055337351e-05
0,0,6.40756612653779e-05
0,0,3.1693758047899845e-05
1,1,0.9999999999043028
0,0,3.238122437838317e-05
0,0,0.18941187074551907
0,0,0.00013378906741872494
0,0,0.0001912357900531066
1,1,0.9995039443746602
0,0,4.702738567282236e-05
0,0,3.2498094835714924e-05
0,0,0.0001852157791734345
0,0,0.0013171022061826596
0,0,2.3270661172530278e-05
0,0,0.0002549964688080938
0,0,2.184535253722296e-05
1,1,0.9969710208757521
0,0,0.3560014841342754
0,0,0.0005309762181488335
0,0,0.00019072915175062297
0,0,0.0003988271058236576
1,1,0.999999999988249
0,0,0.00013330929096651878
0,0,8.034036804109408e-05
0,0,2.2217520961050497e-05
0,0,0.00018447288046762113
0,0,0.06359575397860823
0,0,2.953245404019143e-07
0,0,0.010363673041647425
0,0,0.00018782129353894181
0,0,2.2729942054770715e-05
0,0,0.0022379480989674675
0,0,0.00019535585576220603
0,0,2.2728008323960194e-05
0,0,3.184878794492773e-05
0,0,0.00012868298235179285
0,0,0.22279936656424207
0,0,0.00013221857964396743
1,1,0.9999999999642355
0,0,0.32365538479452743
0,0,0.00012675298807399103
1,1,0.999995283894731
0,0,0.27037611500944314
0,0,0.00012786333925347634
0,0,0.0005565358233845021
0,0,0.0001964176666241431
0,0,0.0001903869839871201
0,0,0.20688099988514913
0,0,0.000132198553611028
0,0,0.0001904885432452929
0,0,0.00012796256762399175
0,0,2.2557739857645978e-05
0,0,2.26810433448469e-05
0,0,0.047146589095238264
1,1,0.6729948494093155
0,0,6.472208760987429e-05
0,0,3.218595440661368e-05
0,0,2.235993884070644e-05
0,0,3.196695344638878e-05
0,0,2.3067660321593653e-05
0,0,0.0014767169224679997
0,0,0.00011192086899734758
0,0,0.00012797586484118983
0,0,4.524336391522984e-05
0,0,0.0001360341445430228
0,0,2.2451312001573634e-05
1,1,0.9999997649183536
0,0,5.224255415303871e-06
0,0,0.0019846336231458743
0,0,3.093296818165603e-05
0,0,9.3465938720843e-05
0,0,0.00019278282693481317
0,0,3.288219092391077e-05
0,0,0.00042006825047054025
0,0,3.239455689411363e-05
0,0,0.00013555586214902097
0,0,7.934427071614689e-05
0,0,8.1076717732053e-05
0,0,0.00019156066645456196
0,0,0.001928607755330192
0,0,6.529994001406566e-05
0,0,2.270829491431798e-05
0,0,3.131498474308583e-05
1,1,0.9999440329104491
0,0,0.0002854655235682762
0,0,0.001487380758982854
0,0,2.2432640178550302e-05
1,1,0.999999999999911
0,0,2.327643893797529e-05
0,0,8.553859761750494e-05
0,0,3.2310467522172696e-05
0,0,0.316372381153058
1,1,0.8315164745566084
0,0,0.000191453902196388
0,0,0.00019561273314340762
0,0,2.2127331351686852e-05
0,0,0.0141200443678138
1,1,0.9999999999999389
0,0,3.1638409420378816e-05
0,0,4.560447960396085e-05
0,0,7.329953802216262e-05
0,0,0.00018839067384413338
0,0,3.1935447545933525e-05
0,0,2.239654495847032e-05
0,0,0.0002935876748656092
0,0,0.00019040811819197897
0,0,9.36014046507646e-05
0,0,0.0001901002718448423
0,0,0.1566698765917287
0,0,0.00018941952815724886
0,0,0.0001858917737989286
0,0,0.37598010473819465
0,0,2.750956078408857e-05
0,0,0.23896974508783228
0,0,0.00018576567580276998
0,0,0.0002950629313769724
0,0,0.0003694640662502916
0,0,0.09279386942966163
0,0,0.10303421856714973
0,0,9.400100155737391e-05
0,0,3.1351044523520245e-05
0,0,9.377320844634077e-05
0,0,0.00019069736332242126
0,0,0.02101121626155288
0,0,0.00025531475648242865
0,0,0.0001765790070580903
0,0,0.04085648285869481
1,1,0.9999976569470049
0,0,0.00019308817603549584
0,0,5.644360416917644e-06
0,0,0.0006859888568067537
0,0,0.0001905864190916153
0,0,7.719453543843298e-05
0,0,0.1054788311857159
0,0,0.00019320700050483316
0,0,0.07707352997924585
1,1,0.9999999998224818
0,0,0.01085147283937966
0,0,0.0009326269951898109
1,1,0.9999999770857465
0,0,2.2089211095411335e-05
0,0,0.08780226062980213
0,0,0.3672741184392294
0,0,3.27223052998467e-05
0,0,8.926186316337744e-05
0,0,3.3342685183611204e-05
0,0,0.00017181092077502138
0,0,0.012322621787104604
0,0,4.592498958571486e-05
0,0,0.00018491179752868917
0,0,0.0004441023832458576
1,1,0.9999999986399244
0,0,0.002342465570110357
0,0,0.2653400865082096
0,0,0.03561021843200491
0,0,0.00019040151630006722
0,0,0.00043349853423395963
0,0,6.553293753878192e-05
0,0,0.00013268859264596827
0,0,2.255643740321367e-05
0,0,0.0018582993749857823
0,0,2.2285195521532335e-05
0,0,4.8112250832323895e-05
0,0,8.053470389496013e-05
0,0,2.2287628966268972e-05
0,0,0.00013485389916704943
0,0,0.0002339594771972276
0,0,0.00018345842475015278
0,0,3.1982441229893666e-05
0,0,0.0020077287109037576
0,0,2.2628728435696823e-05
0,0,0.001321976928662566
0,0,0.00018787085394961672
0,0,0.00013342049659358958
0,0,3.201259841566991e-05
0,0,2.230429949373284e-05
0,0,0.48491218054048973
0,0,0.3722750771757103
0,0,3.286303489546126e-05
0,0,0.0001125989558690438
0,0,0.0001332796332079244
0,0,3.228768949806148e-05
1,1,0.9999999999999885
0,0,2.277300940538008e-05
0,0,8.975101291434895e-06
0,0,0.00013478297656846743
0,0,0.0004669761767541662
0,0,3.179130693686345e-05
0,0,0.0003945375015749618
0,0,2.2580672026997815e-05
0,0,0.0001359095596161586
0,0,0.00019112700685429385
0,0,4.406181566084702e-05
0,0,0.00013843343613887784
0,0,2.2597177699370112e-05
1,1,0.999999999988813
0,0,0.00013426088250035172
1,1,0.999999999999954
1,1,0.9999989013656247
1,1,0.999999999437901
0,0,0.00018886092040463478
0,0,0.0013470835477370072
0,0,0.00013257799298007223
0,0,0.0007111140532871135
0,0,0.00012728709902248595
1,1,0.9999999983686683
0,0,3.1963151193132143e-05
0,0,0.00019187653641622804
0,0,0.00018934658851143
0,0,8.684017045255801e-05
0,0,0.00013605774558876854
0,0,0.0003099085674413216
0,0,8.463252392951368e-05
0,0,2.257447301830148e-05
0,0,0.00018908580573040017
1,1,0.9999999999327209
0,0,0.12813494925996838
0,0,0.00012510501324256647
0,0,0.0002240331514433282
0,0,8.18292920652334e-05
0,0,9.239187832747746e-05
0,0,3.194867934274618e-05
0,0,7.59609769479958e-05
0,0,0.00018662370137086014
0,0,0.025348599808662196
0,0,0.001755556987438245
0,0,3.638248552727752e-05
0,0,0.00032732203104596995
0,0,3.3497865689436634e-05
0,0,2.2470695722811714e-05
0,0,0.013431718853939454
0,0,0.000187361135477247
0,0,2.234865201835894e-05
0,0,3.116579233591522e-05
0,0,0.00019165473854774562
1,1,0.9997640350310695
0,0,0.00011544266834337047
0,0,7.016472679883655e-06
0,0,6.414151539198093e-05
0,0,0.00013585123150420243
0,0,2.2384578748788803e-05
0,0,0.10759532483611646
0,0,0.009067267335347016
0,0,2.238803708159857e-05
0,0,4.560584944548546e-05
0,0,2.218997256760587e-05
1,1,0.9999999999999671
0,0,0.00018563314180351323
0,0,3.66778895391609e-05
1,1,0.9999999937915924
0,0,2.286983348088242e-05
0,0,0.0001899909417428779
0,0,0.00015273958832103394
0,0,0.000130365042630016
0,0,0.4630210771313523
0,0,3.086334648347618e-05
0,0,0.00018830415886849942
0,0,2.1859248426861773e-05
0,0,0.00019434529906199415
0,0,0.0005574033048782273
0,0,4.575247955875829e-05
0,0,0.00010107344664799637
0,0,0.00013401657252232982
0,0,9.244908091769966e-05
1,1,0.9999999999968698
0,0,2.2484907395814432e-05
0,0,0.0001329360441520511
0,0,0.06801335973789262
0,0,0.00012931242977222884
0,0,0.00013654961287693225
1,1,0.999999999999986
0,0,0.00015095491991596284
0,0,4.384088127698561e-05
0,0,0.00019192522693450818
1,1,0.992831756919451
0,0,2.251658279760207e-05
0,0,2.2680750016301557e-05
0,0,0.002348850626277233
0,0,7.035871641897266e-05
1,1,1.0
0,0,0.00019017497681789186
0,0,9.304154965789908e-05
0,0,2.260003549349696e-05
0,0,0.001107863050821562
0,0,0.00018785704057098707
0,0,0.00019294284825346414
0,0,0.0002929608161964974
0,0,0.0027303863350210023
0,0,0.00026899680583056013
0,0,3.212539842316235e-05
0,0,0.0007444393561266498
1,1,0.9999968388734121
0,0,0.03893500376511048
0,0,0.23388665400636477
0,0,0.00040695731936326413
0,0,2.2484201365523672e-05
0,0,2.2496337558507096e-05
0,0,2.0226805017328964e-05
0,0,9.345855423956005e-05
0,0,2.2501496016575144e-05
0,0,0.46981791452424077
0,0,3.192786384699356e-05
0,0,9.377967430401333e-05
0,0,0.0015696085550529753
0,0,3.2629739862642806e-05
0,0,3.224605767573096e-05
0,0,0.00013769753374430428
0,0,2.274671657992411e-05
0,0,3.216773424714514e-05
0,0,9.028452973177669e-05
0,0,0.00019396935647174025
0,0,4.7423046534355806e-05
0,0,2.249828301669741e-05
0,0,0.00011885886926971833
0,0,0.0001894972210552182
0,0,3.315583782424013e-05
0,0,0.00027178433419278164
0,0,0.00013668393958692367
0,0,4.573251056530416e-05
0,0,0.03116608910657222
0,0,0.10965958300185445
0,0,1.474813178846023e-05
0,0,0.0012394979730995194
0,0,2.5686662826247066e-05
0,0,0.000108075326765349
0,0,6.469400645873341e-05
0,0,0.00019251169779666136
0,0,3.059978606545592e-05
0,0,9.562219195019492e-05
0,0,0.3815493848596812
0,0,3.211915688986401e-05
0,0,0.00018971644600199582
0,0,0.00018060646500081735
1,1,0.9999773620733007
1,0,0.45499697966284147
0,0,0.00019006101376633505
0,0,0.0005021932137405108
0,0,4.248568934250701e-05
0,0,0.00019056847007900904
0,0,0.00018869407725605303
0,0,7.961407856356403e-05
1,1,0.9996810915434663
0,0,5.116285238723465e-05
0,0,0.00013325874274090717
0,0,0.2906869710757482
0,0,0.001578807798674789
0,0,0.0001936673211245408
1,1,0.9998316582210433
